Cluster,Danceability,Energy,Valence,Views,Likes,Stream,Duration_min,Acousticness,Instrumentalness,Liveness,Loudness,Speechiness,Tempo
0,0.6801204188481675,0.6785221204188482,0.5335094240837697,1061445627.3586388,7120006.797120418,967149567.9345549,3.7267232984293197,0.19189038416230367,0.005874816034031414,0.1774014397905759,-5.740015706806283,0.09431623036649214,119.6976832460733
1,0.6660840355446607,0.7351525969051632,0.6035213038149226,62573701.85169297,454061.70162402326,109883693.3600429,3.6437885756600785,0.1634858716293856,0.024731756208058835,0.20315211429446914,-5.999533706143711,0.11275046728971962,123.4690609008733
2,0.3284246575342466,0.19483433910336237,0.17178642590286428,7815213.408468244,97536.69863013699,38997120.65753425,3.557582503113325,0.8218596863138232,0.8211535816936488,0.1412585305105853,-22.250652552926528,0.04589053549190535,104.07046575342466
3,0.5413077353587847,0.437528474915051,0.39032622626424146,47176251.69498301,338745.49630221864,97265930.90685588,4.033949033912985,0.5470434350989406,0.01970201313611833,0.17015112932240656,-9.855384769138517,0.0578736158305017,115.84086208275035
