User_Cluster,Danceability,Energy,Valence,Views,Likes,Stream,Duration_min,Acousticness,Instrumentalness,Liveness,Loudness,Speechiness,Tempo
0,0.3073361111111111,0.18334716666666667,0.15840572222222224,7228634.883333334,73836.70555555556,39039045.188888885,3.406095092592593,0.8226128833333334,0.8349962561111111,0.14022166666666666,-23.31136111111111,0.043723333333333336,102.05880555555557
1,0.6890121212121212,0.6710666666666666,0.546129696969697,1105289208.4333334,7355829.8121212125,964071238.969697,3.7281485858585857,0.20220218181818184,0.0027043600303030303,0.17364878787878787,-5.695757575757576,0.09670878787878788,118.0607
2,0.6007775510204081,0.5941751020408164,0.5125418367346939,63542465.24081633,421808.27959183673,111210745.36938776,3.845004523809524,0.35824236479591837,0.018502410367346938,0.18328163265306124,-7.7233285714285715,0.08421183673469389,118.40529591836736
